{
  "summary_total": {
    "quarterly": {
      "current": {
        "label": "Q4 FY 2026",
        "value": 61.78962613985715,
        "qoq": 0.2756708290802061,
        "yoy": 0.3169769436944925
      },
      "previous": {
        "label": "Q3 FY 2026",
        "value": 48.436967226419355
      },
      "prev2": {
        "label": "Q4 FY 2025",
        "value": 46.91777364493549
      }
    },
    "monthly": {
      "current": {
        "label": "FY 2026 February",
        "value": 61.763997923809534,
        "mom": 0.03083981852439388,
        "mo6m": 0.1800093361770605
      },
      "previous": {
        "label": "FY 2026 January",
        "value": 59.91619339290001
      },
      "avg_6m": {
        "label": "Avg Of Last 6 Months",
        "value": 52.34195699155201
      }
    },
    "weekly": {
      "last5": {
        "label": "Last 5 Trading Days",
        "value": 68.7491096524,
        "wow": 0.07349110204944043,
        "wo10w": 0.16639509390659857
      },
      "prev5": {
        "label": "Previous 5 Trading Days",
        "value": 64.0425519328
      },
      "last50": {
        "label": "Last 50 Trading Days",
        "value": 58.941528485119996
      }
    },
    "day_of_week": {
      "Monday": {
        "latest": 99.796473616,
        "do3d": 0.28650875326492375,
        "do10d": 0.5763454294486885,
        "avg_3d": 77.57154653066667,
        "avg_10d": 63.3087594582
      },
      "Tuesday": {
        "latest": 88.52581547,
        "do3d": 0.24477549573865587,
        "do10d": 0.19150488755335449,
        "avg_3d": 71.11789698066666,
        "avg_10d": 74.29748412680001
      },
      "Wednesday": {
        "latest": 48.760474956,
        "do3d": 0.1215138051836826,
        "do10d": 0.05299669849758515,
        "avg_3d": 43.47737382333334,
        "avg_10d": 46.306389208599995
      },
      "Thursday": {
        "latest": 42.97626919399999,
        "do3d": -0.035224839180969525,
        "do10d": 0.002201281276082767,
        "avg_3d": 44.54537278666666,
        "avg_10d": 42.8818741274
      },
      "Friday": {
        "latest": 63.686515025999995,
        "do3d": -0.02986720706687085,
        "do10d": 0.04548170822671116,
        "avg_3d": 65.64721395866667,
        "avg_10d": 60.91595340679999
      }
    },
    "previous_week": {
      "Monday": 77.14089730799999,
      "Tuesday": 67.763112836,
      "Wednesday": 42.850415984,
      "Thursday": 53.50267391800001,
      "Friday": 78.955659618
    }
  },
  "seg_options": {
    "quarterly": {
      "current": {
        "label": "Q4 FY 2026",
        "value": 48.78680745085715,
        "qoq": 0.3077707535843346,
        "yoy": 0.36714171230438386
      },
      "previous": {
        "label": "Q3 FY 2026",
        "value": 37.305320766
      },
      "prev2": {
        "label": "Q4 FY 2025",
        "value": 35.685259993
      }
    },
    "monthly": {
      "current": {
        "label": "FY 2026 February",
        "value": 49.081479143619056,
        "mom": 0.054070280030936946,
        "mo6m": 0.2074704358504691
      },
      "previous": {
        "label": "FY 2026 January",
        "value": 46.563763416400015
      },
      "avg_6m": {
        "label": "Avg Of Last 6 Months",
        "value": 40.648182917248015
      }
    },
    "weekly": {
      "last5": {
        "label": "Last 5 Trading Days",
        "value": 56.2897728564,
        "wow": 0.1571066253245461,
        "wo10w": 0.2287468751945987
      },
      "prev5": {
        "label": "Previous 5 Trading Days",
        "value": 48.6470059236
      },
      "last50": {
        "label": "Last 50 Trading Days",
        "value": 45.810714959079995
      }
    },
    "day_of_week": {
      "Monday": {
        "latest": 87.059582592,
        "do3d": 0.3596333501454978,
        "do10d": 0.7080409603837754,
        "avg_3d": 64.03166161133333,
        "avg_10d": 50.9704302246
      },
      "Tuesday": {
        "latest": 71.475919606,
        "do3d": 0.21899532456235749,
        "do10d": 0.18921124019866253,
        "avg_3d": 58.63510562,
        "avg_10d": 60.103636082400016
      },
      "Wednesday": {
        "latest": 38.537245636,
        "do3d": 0.17125528124703204,
        "do10d": 0.1331971394168412,
        "avg_3d": 32.902516004000006,
        "avg_10d": 34.007538755199995
      },
      "Thursday": {
        "latest": 33.157352247999995,
        "do3d": 0.04954437472265627,
        "do10d": 0.07752720821612225,
        "avg_3d": 31.592139452666665,
        "avg_10d": 30.771707661
      },
      "Friday": {
        "latest": 51.218764199999995,
        "do3d": 0.0005717722434936956,
        "do10d": 0.09073435140776165,
        "avg_3d": 51.18949546733333,
        "avg_10d": 46.95805549159999
      }
    },
    "fy": {
      "current": 38.501369409100434,
      "previous": 43.75153097090762,
      "yoy": -0.11999949362453766
    }
  },
  "seg_futures": {
    "quarterly": {
      "current": {
        "label": "Q4 FY 2026",
        "value": 6.024498740714286,
        "qoq": 0.14745023795883205,
        "yoy": 0.08343685078455909
      },
      "previous": {
        "label": "Q3 FY 2026",
        "value": 5.250335519064515
      },
      "prev2": {
        "label": "Q4 FY 2025",
        "value": 5.560544425225808
      }
    },
    "monthly": {
      "current": {
        "label": "FY 2026 February",
        "value": 5.8724620321904775,
        "mom": -0.06049245676572523,
        "mo6m": 0.07861893500477746
      },
      "previous": {
        "label": "FY 2026 January",
        "value": 6.250574648899999
      },
      "avg_6m": {
        "label": "Avg Of Last 6 Months",
        "value": 5.444426981216
      }
    },
    "weekly": {
      "last5": {
        "label": "Last 5 Trading Days",
        "value": 5.206482748,
        "wow": -0.4655116885403433,
        "wo10w": -0.17212354704558586
      },
      "prev5": {
        "label": "Previous 5 Trading Days",
        "value": 9.741060068800001
      },
      "last50": {
        "label": "Last 50 Trading Days",
        "value": 6.28896102724
      }
    },
    "day_of_week": {
      "Monday": {
        "latest": 4.695751456,
        "do3d": -0.33749058805318133,
        "do10d": -0.19874866381222045,
        "avg_3d": 7.087826031333333,
        "avg_10d": 5.8605224652
      },
      "Tuesday": {
        "latest": 10.337422624,
        "do3d": 0.7191898687851972,
        "do10d": 0.48126096263203944,
        "avg_3d": 6.012961576666667,
        "avg_10d": 6.978799067000001
      },
      "Wednesday": {
        "latest": 3.778104788,
        "do3d": -0.13339840270090353,
        "do10d": -0.3267119948490782,
        "avg_3d": 4.3596790033333335,
        "avg_10d": 5.611424470800001
      },
      "Thursday": {
        "latest": 3.364170802,
        "do3d": -0.488988944060611,
        "do10d": -0.4114282415715943,
        "avg_3d": 6.5833620680000005,
        "avg_10d": 5.7158209748
      },
      "Friday": {
        "latest": 3.85696407,
        "do3d": -0.47207112127225714,
        "do10d": -0.44604403465145115,
        "avg_3d": 7.305840285333334,
        "avg_10d": 6.962582427599999
      }
    },
    "fy": {
      "current": 5.442625925834063,
      "previous": 6.432189862907633,
      "yoy": -0.15384557330623372
    }
  },
  "seg_cash": {
    "quarterly": {
      "current": {
        "label": "Q4 FY 2026",
        "value": 6.978319948285715,
        "qoq": 0.18652457213530127,
        "yoy": 0.23031696212742903
      },
      "previous": {
        "label": "Q3 FY 2026",
        "value": 5.881310941354838
      },
      "prev2": {
        "label": "Q4 FY 2025",
        "value": 5.671969226709678
      }
    },
    "monthly": {
      "current": {
        "label": "FY 2026 February",
        "value": 6.810056747999999,
        "mom": -0.041087654723967804,
        "mo6m": 0.08972291770002094
      },
      "previous": {
        "label": "FY 2026 January",
        "value": 7.101855327599999
      },
      "avg_6m": {
        "label": "Avg Of Last 6 Months",